Date,Description,Cubic feet
07/06/2021,Birthday,
07/06/2021,A1 Organic's EcoGro (Colorado),135.0
07/19/2021,Premier Peat Moss Organic (Canada),6.0
03/30/2022,Fafard Organic Sphagnum Peat Moss,9.0
03/30/2022,EKO Raised Bed Mix,3.0
03/30/2022,Top Choice Mushroom compost,1.0
03/30/2022,Sta-Green Organic Perlite,0.6
03/30/2022,Sta-Green Organic Vermiculite,0.6
04/29/2022,Vigoro Perlite,2.0
04/29/2022,Miracle Grow Veggie & Herb,3.0
04/29/2022,Miracle Garden Soil,1.5
04/29/2022,Kellogg Organic Garden Soil,2.0
04/29/2022,EKO Compost,6.0
04/29/2022,Permagreen Mushroom Compost,1.5
